meanRevs4,meanRevs6,meanRevs8,participant,condLabel,ptnt4,ptnt6,ptnt8,norm4,norm6,norm8,expName,expPara,time,dom,session,nRevs,mcSz,mcSf,mcBv,mcBsf,mcPeriGap,mcPeriFade,targSz,targSf,targOri1,targOri2,targXoff1,targXoff2,targYoff,targV,targTtot,targTpeak,trialT,fixCross,"Mask
Velocity",Mask/Target
-1.305,-1.303333333,-1.29,0,mcBv-0.01_tgT-0.33_tgEcc-100,-1.5325625,-1.524208333,-1.53346875,1.174377395,1.169469309,1.188735465,mc2_tgT-mcBv2,peri,2017-02-18_1114,0,2,10,256,0.1,0.01,0.05,120,8,28,0.1,0,0,-100,100,0,0,0.66,0.33,2,1,0,"Static mask
Peripheral target"
-1.38625,-1.4075,-1.436875,0,mcBv-0.01_tgT-0.33_tgEcc-28,-1.5325625,-1.524208333,-1.53346875,1.105545537,1.082918887,1.06722488,mc2_tgT-mcBv2,cent,2017-02-18_1046,0,1,10,256,0.1,0.01,0.05,112,16,28,0.1,0,0,-28,28,0,0,0.66,0.33,2,1,0,"Static mask
Center target"
-1.5,-1.483333333,-1.46875,0,mcBv-0.01_tgT-0.66_tgEcc-100,-1.5325625,-1.524208333,-1.53346875,1.021708333,1.02755618,1.04406383,mc2_tgT-mcBv2,peri,2017-02-18_1114,0,2,10,256,0.1,0.01,0.05,120,8,28,0.1,0,0,-100,100,0,0,0.66,0.66,2,1,0,"Static mask
Peripheral target"
-1.55625,-1.570833333,-1.553125,0,mcBv-0.01_tgT-0.66_tgEcc-28,-1.5325625,-1.524208333,-1.53346875,0.984779116,0.970318302,0.987344064,mc2_tgT-mcBv2,cent,2017-02-18_1046,0,1,10,256,0.1,0.01,0.05,112,16,28,0.1,0,0,-28,28,0,0,0.66,0.66,2,1,0,"Static mask
Center target"
-1.53,-1.52,-1.515,0,mcBv-0.01_tgT-1.0_tgEcc-100,-1.5325625,-1.524208333,-1.53346875,1.001674837,1.00276864,1.012190594,mc2_tgT-mcBv2,peri,2017-02-18_1114,0,2,10,256,0.1,0.01,0.05,120,8,28,0.1,0,0,-100,100,0,0,0.66,1,2,1,0,"Static mask
Peripheral target"
-1.7175,-1.645,-1.6525,0,mcBv-0.01_tgT-1.0_tgEcc-28,-1.5325625,-1.524208333,-1.53346875,0.892321689,0.926570415,0.927968986,mc2_tgT-mcBv2,cent,2017-02-18_1046,0,1,10,256,0.1,0.01,0.05,112,16,28,0.1,0,0,-28,28,0,0,0.66,1,2,1,0,"Static mask
Center target"
-1.48875,-1.475833333,-1.481875,0,mcBv-0.01_tgT-1.33_tgEcc-100,-1.5325625,-1.524208333,-1.53346875,1.029429051,1.032778091,1.034816533,mc2_tgT-mcBv2,peri,2017-02-18_1114,0,2,10,256,0.1,0.01,0.05,120,8,28,0.1,0,0,-100,100,0,0,0.66,1.33,2,1,0,"Static mask
Peripheral target"
-1.755,-1.703333333,-1.69625,0,mcBv-0.01_tgT-1.33_tgEcc-28,-1.5325625,-1.524208333,-1.53346875,0.873254986,0.894838552,0.904034635,mc2_tgT-mcBv2,cent,2017-02-18_1046,0,1,10,256,0.1,0.01,0.05,112,16,28,0.1,0,0,-28,28,0,0,0.66,1.33,2,1,0,"Static mask
Center target"
-1.55125,-1.550833333,-1.531875,0,mcBv-0.01_tgT-1.66_tgEcc-100,-1.5325625,-1.524208333,-1.53346875,0.987953263,0.982831811,1.001040392,mc2_tgT-mcBv2,peri,2017-02-18_1114,0,2,10,256,0.1,0.01,0.05,120,8,28,0.1,0,0,-100,100,0,0,0.66,1.66,2,1,0,"Static mask
Peripheral target"
-1.73,-1.703333333,-1.715,0,mcBv-0.01_tgT-1.66_tgEcc-28,-1.5325625,-1.524208333,-1.53346875,0.885874277,0.894838552,0.894150875,mc2_tgT-mcBv2,cent,2017-02-18_1046,0,1,10,256,0.1,0.01,0.05,112,16,28,0.1,0,0,-28,28,0,0,0.66,1.66,2,1,0,"Static mask
Center target"
-1.615,-1.576666667,-1.62625,0,mcBv-9.6_tgT-0.33_tgEcc-100,-1.5325625,-1.524208333,-1.53346875,0.948955108,0.96672833,0.942947733,mc2_tgT-mcBv2,peri,2017-02-18_1114,0,2,10,256,0.1,9.6,0.05,120,8,28,0.1,0,0,-100,100,0,0,0.66,0.33,2,1,16,"Dynamic mask
Peripheral target"
-1.5625,-1.575,-1.55625,0,mcBv-9.6_tgT-0.33_tgEcc-28,-1.5325625,-1.524208333,-1.53346875,0.98084,0.967751323,0.985361446,mc2_tgT-mcBv2,cent,2017-02-18_1046,0,1,10,256,0.1,9.6,0.05,112,16,28,0.1,0,0,-28,28,0,0,0.66,0.33,2,1,16,"Dynamic mask
Center target"
-1.48,-1.503333333,-1.50875,0,mcBv-9.6_tgT-0.66_tgEcc-100,-1.5325625,-1.524208333,-1.53346875,1.035515203,1.013885809,1.016383596,mc2_tgT-mcBv2,peri,2017-02-18_1114,0,2,10,256,0.1,9.6,0.05,120,8,28,0.1,0,0,-100,100,0,0,0.66,0.66,2,1,16,"Dynamic mask
Peripheral target"
-1.425,-1.433333333,-1.4875,0,mcBv-9.6_tgT-0.66_tgEcc-28,-1.5325625,-1.524208333,-1.53346875,1.075482456,1.063401163,1.030903361,mc2_tgT-mcBv2,cent,2017-02-18_1046,0,1,10,256,0.1,9.6,0.05,112,16,28,0.1,0,0,-28,28,0,0,0.66,0.66,2,1,16,"Dynamic mask
Center target"
-1.59125,-1.5775,-1.614375,0,mcBv-9.6_tgT-1.0_tgEcc-100,-1.5325625,-1.524208333,-1.53346875,0.963118617,0.966217644,0.949883856,mc2_tgT-mcBv2,peri,2017-02-18_1114,0,2,10,256,0.1,9.6,0.05,120,8,28,0.1,0,0,-100,100,0,0,0.66,1,2,1,16,"Dynamic mask
Peripheral target"
-1.45875,-1.4225,-1.435625,0,mcBv-9.6_tgT-1.0_tgEcc-28,-1.5325625,-1.524208333,-1.53346875,1.050599829,1.071499707,1.068154114,mc2_tgT-mcBv2,cent,2017-02-18_1046,0,1,10,256,0.1,9.6,0.05,112,16,28,0.1,0,0,-28,28,0,0,0.66,1,2,1,16,"Dynamic mask
Center target"
-1.525,-1.533333333,-1.55625,0,mcBv-9.6_tgT-1.33_tgEcc-100,-1.5325625,-1.524208333,-1.53346875,1.004959016,0.994048913,0.985361446,mc2_tgT-mcBv2,peri,2017-02-18_1114,0,2,10,256,0.1,9.6,0.05,120,8,28,0.1,0,0,-100,100,0,0,0.66,1.33,2,1,16,"Dynamic mask
Peripheral target"
-1.41125,-1.4075,-1.411875,0,mcBv-9.6_tgT-1.33_tgEcc-28,-1.5325625,-1.524208333,-1.53346875,1.085961027,1.082918887,1.086122178,mc2_tgT-mcBv2,cent,2017-02-18_1046,0,1,10,256,0.1,9.6,0.05,112,16,28,0.1,0,0,-28,28,0,0,0.66,1.33,2,1,16,"Dynamic mask
Center target"
-1.56125,-1.574166667,-1.580625,0,mcBv-9.6_tgT-1.66_tgEcc-100,-1.5325625,-1.524208333,-1.53346875,0.9816253,0.968263632,0.970166074,mc2_tgT-mcBv2,peri,2017-02-18_1114,0,2,10,256,0.1,9.6,0.05,120,8,28,0.1,0,0,-100,100,0,0,0.66,1.66,2,1,16,"Dynamic mask
Peripheral target"
-1.50125,-1.5175,-1.550625,0,mcBv-9.6_tgT-1.66_tgEcc-28,-1.5325625,-1.524208333,-1.53346875,1.020857619,1.004420648,0.988935913,mc2_tgT-mcBv2,cent,2017-02-18_1046,0,1,10,256,0.1,9.6,0.05,112,16,28,0.1,0,0,-28,28,0,0,0.66,1.66,2,1,16,"Dynamic mask
Center target"
-1.11,-1.09,-1.105,1,mcBv-0.01_tgT-0.33_tgEcc-100,-1.2814375,-1.284291667,-1.29259375,1.154448198,1.178249235,1.1697681,mc2_tgT-mcBv2,peri,2017-02-21_1410,0,1,10,256,0.1,0.01,0.05,120,8,28,0.1,0,0,-100,100,0,0,0.66,0.33,2,1,0,"Static mask
Peripheral target"
-1.10125,-1.0675,-1.075625,1,mcBv-0.01_tgT-0.33_tgEcc-28,-1.2814375,-1.284291667,-1.29259375,1.163620885,1.203083528,1.20171412,mc2_tgT-mcBv2,cent,2017-02-21_1439,0,2,10,256,0.1,0.01,0.05,112,16,28,0.1,0,0,-28,28,0,0,0.66,0.33,2,1,0,"Static mask
Center target"
-1.14625,-1.1475,-1.148125,1,mcBv-0.01_tgT-0.66_tgEcc-100,-1.2814375,-1.284291667,-1.29259375,1.117938931,1.119208424,1.125830158,mc2_tgT-mcBv2,peri,2017-02-21_1410,0,1,10,256,0.1,0.01,0.05,120,8,28,0.1,0,0,-100,100,0,0,0.66,0.66,2,1,0,"Static mask
Peripheral target"
-1.035,-1.023333333,-1.02375,1,mcBv-0.01_tgT-0.66_tgEcc-28,-1.2814375,-1.284291667,-1.29259375,1.238103865,1.255008143,1.262606838,mc2_tgT-mcBv2,cent,2017-02-21_1439,0,2,10,256,0.1,0.01,0.05,112,16,28,0.1,0,0,-28,28,0,0,0.66,0.66,2,1,0,"Static mask
Center target"
-1.09875,-1.1325,-1.174375,1,mcBv-0.01_tgT-1.0_tgEcc-100,-1.2814375,-1.284291667,-1.29259375,1.166268487,1.134032377,1.100665247,mc2_tgT-mcBv2,peri,2017-02-21_1410,0,1,10,256,0.1,0.01,0.05,120,8,28,0.1,0,0,-100,100,0,0,0.66,1,2,1,0,"Static mask
Peripheral target"
-1.1775,-1.151666667,-1.1575,1,mcBv-0.01_tgT-1.0_tgEcc-28,-1.2814375,-1.284291667,-1.29259375,1.088269639,1.11515919,1.116711663,mc2_tgT-mcBv2,cent,2017-02-21_1439,0,2,10,256,0.1,0.01,0.05,112,16,28,0.1,0,0,-28,28,0,0,0.66,1,2,1,0,"Static mask
Center target"
-1.11875,-1.2125,-1.209375,1,mcBv-0.01_tgT-1.33_tgEcc-100,-1.2814375,-1.284291667,-1.29259375,1.145418994,1.059209622,1.06881137,mc2_tgT-mcBv2,peri,2017-02-21_1410,0,1,10,256,0.1,0.01,0.05,120,8,28,0.1,0,0,-100,100,0,0,0.66,1.33,2,1,0,"Static mask
Peripheral target"
-1.1925,-1.145,-1.17125,1,mcBv-0.01_tgT-1.33_tgEcc-28,-1.2814375,-1.284291667,-1.29259375,1.074580713,1.121652111,1.103601921,mc2_tgT-mcBv2,cent,2017-02-21_1439,0,2,10,256,0.1,0.01,0.05,112,16,28,0.1,0,0,-28,28,0,0,0.66,1.33,2,1,0,"Static mask
Center target"
-1.16,-1.19,-1.18,1,mcBv-0.01_tgT-1.66_tgEcc-100,-1.2814375,-1.284291667,-1.29259375,1.1046875,1.079236695,1.095418432,mc2_tgT-mcBv2,peri,2017-02-21_1410,0,1,10,256,0.1,0.01,0.05,120,8,28,0.1,0,0,-100,100,0,0,0.66,1.66,2,1,0,"Static mask
Peripheral target"
-1.21,-1.19,-1.205,1,mcBv-0.01_tgT-1.66_tgEcc-28,-1.2814375,-1.284291667,-1.29259375,1.059039256,1.079236695,1.072691909,mc2_tgT-mcBv2,cent,2017-02-21_1439,0,2,10,256,0.1,0.01,0.05,112,16,28,0.1,0,0,-28,28,0,0,0.66,1.66,2,1,0,"Static mask
Center target"
-1.575,-1.6,-1.56875,1,mcBv-9.6_tgT-0.33_tgEcc-100,-1.2814375,-1.284291667,-1.29259375,0.813611111,0.802682292,0.823964143,mc2_tgT-mcBv2,peri,2017-02-21_1410,0,1,10,256,0.1,9.6,0.05,120,8,28,0.1,0,0,-100,100,0,0,0.66,0.33,2,1,16,"Dynamic mask
Peripheral target"
-1.425,-1.433333333,-1.4125,1,mcBv-9.6_tgT-0.33_tgEcc-28,-1.2814375,-1.284291667,-1.29259375,0.899254386,0.896017442,0.915110619,mc2_tgT-mcBv2,cent,2017-02-21_1439,0,2,10,256,0.1,9.6,0.05,112,16,28,0.1,0,0,-28,28,0,0,0.66,0.33,2,1,16,"Dynamic mask
Center target"
-1.48,-1.47,-1.48375,1,mcBv-9.6_tgT-0.66_tgEcc-100,-1.2814375,-1.284291667,-1.29259375,0.865836149,0.8736678,0.871166807,mc2_tgT-mcBv2,peri,2017-02-21_1410,0,1,10,256,0.1,9.6,0.05,120,8,28,0.1,0,0,-100,100,0,0,0.66,0.66,2,1,16,"Dynamic mask
Peripheral target"
-1.24375,-1.245833333,-1.321875,1,mcBv-9.6_tgT-0.66_tgEcc-28,-1.2814375,-1.284291667,-1.29259375,1.030301508,1.030869565,0.9778487,mc2_tgT-mcBv2,cent,2017-02-21_1439,0,2,10,256,0.1,9.6,0.05,112,16,28,0.1,0,0,-28,28,0,0,0.66,0.66,2,1,16,"Dynamic mask
Center target"
-1.49,-1.51,-1.46375,1,mcBv-9.6_tgT-1.0_tgEcc-100,-1.2814375,-1.284291667,-1.29259375,0.860025168,0.850524283,0.883070026,mc2_tgT-mcBv2,peri,2017-02-21_1410,0,1,10,256,0.1,9.6,0.05,120,8,28,0.1,0,0,-100,100,0,0,0.66,1,2,1,16,"Dynamic mask
Peripheral target"
-1.3625,-1.425,-1.40625,1,mcBv-9.6_tgT-1.0_tgEcc-28,-1.2814375,-1.284291667,-1.29259375,0.940504587,0.90125731,0.919177778,mc2_tgT-mcBv2,cent,2017-02-21_1439,0,2,10,256,0.1,9.6,0.05,112,16,28,0.1,0,0,-28,28,0,0,0.66,1,2,1,16,"Dynamic mask
Center target"
-1.57625,-1.5675,-1.556875,1,mcBv-9.6_tgT-1.33_tgEcc-100,-1.2814375,-1.284291667,-1.29259375,0.8129659,0.819324827,0.830248896,mc2_tgT-mcBv2,peri,2017-02-21_1410,0,1,10,256,0.1,9.6,0.05,120,8,28,0.1,0,0,-100,100,0,0,0.66,1.33,2,1,16,"Dynamic mask
Peripheral target"
-1.28375,-1.2725,-1.310625,1,mcBv-9.6_tgT-1.33_tgEcc-28,-1.2814375,-1.284291667,-1.29259375,0.998198637,1.009266536,0.986242251,mc2_tgT-mcBv2,cent,2017-02-21_1439,0,2,10,256,0.1,9.6,0.05,112,16,28,0.1,0,0,-28,28,0,0,0.66,1.33,2,1,16,"Dynamic mask
Center target"
-1.5325,-1.538333333,-1.52875,1,mcBv-9.6_tgT-1.66_tgEcc-100,-1.2814375,-1.284291667,-1.29259375,0.836174551,0.834859155,0.845523303,mc2_tgT-mcBv2,peri,2017-02-21_1410,0,1,10,256,0.1,9.6,0.05,120,8,28,0.1,0,0,-100,100,0,0,0.66,1.66,2,1,16,"Dynamic mask
Peripheral target"
-1.31,-1.273333333,-1.34875,1,mcBv-9.6_tgT-1.66_tgEcc-28,-1.2814375,-1.284291667,-1.29259375,0.978196565,1.008606021,0.958364226,mc2_tgT-mcBv2,cent,2017-02-21_1439,0,2,10,256,0.1,9.6,0.05,112,16,28,0.1,0,0,-28,28,0,0,0.66,1.66,2,1,16,"Dynamic mask
Center target"
-0.79625,-0.780833333,-0.810625,2,mcBv-0.01_tgT-0.33_tgEcc-100,-0.947,-0.964666667,-0.966625,1.189324961,1.235432231,1.192444102,mc2_tgT-mcBv2,peri,2017-02-23_1216,1,2,10,256,0.1,0.01,0.05,120,8,28,0.1,0,0,-100,100,0,0,0.66,0.33,2,1,0,"Static mask
Peripheral target"
-0.86,-0.84,-0.82375,2,mcBv-0.01_tgT-0.33_tgEcc-28,-0.947,-0.964666667,-0.966625,1.101162791,1.148412698,1.173444613,mc2_tgT-mcBv2,cent,2017-02-23_1144,1,1,10,256,0.1,0.01,0.05,112,16,28,0.1,0,0,-28,28,0,0,0.66,0.33,2,1,0,"Static mask
Center target"
-0.60375,-0.6525,-0.651875,2,mcBv-0.01_tgT-0.66_tgEcc-100,-0.947,-0.964666667,-0.966625,1.568530021,1.478416347,1.482837967,mc2_tgT-mcBv2,peri,2017-02-23_1216,1,2,10,256,0.1,0.01,0.05,120,8,28,0.1,0,0,-100,100,0,0,0.66,0.66,2,1,0,"Static mask
Peripheral target"
-0.96625,-0.960833333,-0.939375,2,mcBv-0.01_tgT-0.66_tgEcc-28,-0.947,-0.964666667,-0.966625,0.98007762,1.003989592,1.029008649,mc2_tgT-mcBv2,cent,2017-02-23_1144,1,1,10,256,0.1,0.01,0.05,112,16,28,0.1,0,0,-28,28,0,0,0.66,0.66,2,1,0,"Static mask
Center target"
-0.77875,-0.835833333,-0.814375,2,mcBv-0.01_tgT-1.0_tgEcc-100,-0.947,-0.964666667,-0.966625,1.216051364,1.154137587,1.186953185,mc2_tgT-mcBv2,peri,2017-02-23_1216,1,2,10,256,0.1,0.01,0.05,120,8,28,0.1,0,0,-100,100,0,0,0.66,1,2,1,0,"Static mask
Peripheral target"
-1.06375,-1.075833333,-1.100625,2,mcBv-0.01_tgT-1.0_tgEcc-28,-0.947,-0.964666667,-0.966625,0.890246769,0.896669249,0.878250994,mc2_tgT-mcBv2,cent,2017-02-23_1144,1,1,10,256,0.1,0.01,0.05,112,16,28,0.1,0,0,-28,28,0,0,0.66,1,2,1,0,"Static mask
Center target"
-0.73625,-0.724166667,-0.774375,2,mcBv-0.01_tgT-1.33_tgEcc-100,-0.947,-0.964666667,-0.966625,1.286247878,1.332105869,1.24826473,mc2_tgT-mcBv2,peri,2017-02-23_1216,1,2,10,256,0.1,0.01,0.05,120,8,28,0.1,0,0,-100,100,0,0,0.66,1.33,2,1,0,"Static mask
Peripheral target"
-1.04,-1.026666667,-1.0825,2,mcBv-0.01_tgT-1.33_tgEcc-28,-0.947,-0.964666667,-0.966625,0.910576923,0.93961039,0.89295612,mc2_tgT-mcBv2,cent,2017-02-23_1144,1,1,10,256,0.1,0.01,0.05,112,16,28,0.1,0,0,-28,28,0,0,0.66,1.33,2,1,0,"Static mask
Center target"
-0.86,-0.84,-0.82375,2,mcBv-0.01_tgT-1.66_tgEcc-100,-0.947,-0.964666667,-0.966625,1.101162791,1.148412698,1.173444613,mc2_tgT-mcBv2,peri,2017-02-23_1216,1,2,10,256,0.1,0.01,0.05,120,8,28,0.1,0,0,-100,100,0,0,0.66,1.66,2,1,0,"Static mask
Peripheral target"
-1.03,-1.07,-1.115,2,mcBv-0.01_tgT-1.66_tgEcc-28,-0.947,-0.964666667,-0.966625,0.919417476,0.901557632,0.866928251,mc2_tgT-mcBv2,cent,2017-02-23_1144,1,1,10,256,0.1,0.01,0.05,112,16,28,0.1,0,0,-28,28,0,0,0.66,1.66,2,1,0,"Static mask
Center target"
-1.28,-1.253333333,-1.19625,2,mcBv-9.6_tgT-0.33_tgEcc-100,-0.947,-0.964666667,-0.966625,0.73984375,0.769680851,0.808045977,mc2_tgT-mcBv2,peri,2017-02-23_1216,1,2,10,256,0.1,9.6,0.05,120,8,28,0.1,0,0,-100,100,0,0,0.66,0.33,2,1,16,"Dynamic mask
Peripheral target"
-1.07,-1.08,-1.06,2,mcBv-9.6_tgT-0.33_tgEcc-28,-0.947,-0.964666667,-0.966625,0.885046729,0.893209877,0.911910377,mc2_tgT-mcBv2,cent,2017-02-23_1144,1,1,10,256,0.1,9.6,0.05,112,16,28,0.1,0,0,-28,28,0,0,0.66,0.33,2,1,16,"Dynamic mask
Center target"
-1.02375,-1.0825,-1.018125,2,mcBv-9.6_tgT-0.66_tgEcc-100,-0.947,-0.964666667,-0.966625,0.925030525,0.891147036,0.94941682,mc2_tgT-mcBv2,peri,2017-02-23_1216,1,2,10,256,0.1,9.6,0.05,120,8,28,0.1,0,0,-100,100,0,0,0.66,0.66,2,1,16,"Dynamic mask
Peripheral target"
-0.97375,-0.999166667,-1.049375,2,mcBv-9.6_tgT-0.66_tgEcc-28,-0.947,-0.964666667,-0.966625,0.972528883,0.965471226,0.921143538,mc2_tgT-mcBv2,cent,2017-02-23_1144,1,1,10,256,0.1,9.6,0.05,112,16,28,0.1,0,0,-28,28,0,0,0.66,0.66,2,1,16,"Dynamic mask
Center target"
-1.125,-1.2,-1.2125,2,mcBv-9.6_tgT-1.0_tgEcc-100,-0.947,-0.964666667,-0.966625,0.841777778,0.803888889,0.797216495,mc2_tgT-mcBv2,peri,2017-02-23_1216,1,2,10,256,0.1,9.6,0.05,120,8,28,0.1,0,0,-100,100,0,0,0.66,1,2,1,16,"Dynamic mask
Peripheral target"
-0.7875,-0.775,-0.7375,2,mcBv-9.6_tgT-1.0_tgEcc-28,-0.947,-0.964666667,-0.966625,1.202539683,1.244731183,1.310677966,mc2_tgT-mcBv2,cent,2017-02-23_1144,1,1,10,256,0.1,9.6,0.05,112,16,28,0.1,0,0,-28,28,0,0,0.66,1,2,1,16,"Dynamic mask
Center target"
-1.225,-1.2,-1.2125,2,mcBv-9.6_tgT-1.33_tgEcc-100,-0.947,-0.964666667,-0.966625,0.773061224,0.803888889,0.797216495,mc2_tgT-mcBv2,peri,2017-02-23_1216,1,2,10,256,0.1,9.6,0.05,120,8,28,0.1,0,0,-100,100,0,0,0.66,1.33,2,1,16,"Dynamic mask
Peripheral target"
-0.6975,-0.798333333,-0.8425,2,mcBv-9.6_tgT-1.33_tgEcc-28,-0.947,-0.964666667,-0.966625,1.357706093,1.208350731,1.147329377,mc2_tgT-mcBv2,cent,2017-02-23_1144,1,1,10,256,0.1,9.6,0.05,112,16,28,0.1,0,0,-28,28,0,0,0.66,1.33,2,1,16,"Dynamic mask
Center target"
-1.09375,-1.129166667,-1.134375,2,mcBv-9.6_tgT-1.66_tgEcc-100,-0.947,-0.964666667,-0.966625,0.865828571,0.854317343,0.852121212,mc2_tgT-mcBv2,peri,2017-02-23_1216,1,2,10,256,0.1,9.6,0.05,120,8,28,0.1,0,0,-100,100,0,0,0.66,1.66,2,1,16,"Dynamic mask
Peripheral target"
-0.92875,-0.969166667,-0.933125,2,mcBv-9.6_tgT-1.66_tgEcc-28,-0.947,-0.964666667,-0.966625,1.019650067,0.995356836,1.035900871,mc2_tgT-mcBv2,cent,2017-02-23_1144,1,1,10,256,0.1,9.6,0.05,112,16,28,0.1,0,0,-28,28,0,0,0.66,1.66,2,1,16,"Dynamic mask
Center target"
-0.985,-0.99,-1.01125,9,mcBv-0.01_tgT-0.33_tgEcc-100,-1.251125,-1.249083333,-1.250875,1.270177665,1.261700337,1.236959209,mc2_tgT-mcBv2,peri,2017-02-20_1107,1,2,10,256,0.1,0.01,0.05,120,8,28,0.1,0,0,-100,100,0,0,0.66,0.33,2,1,0,"Static mask
Peripheral target"
-1.16625,-1.194166667,-1.189375,9,mcBv-0.01_tgT-0.33_tgEcc-28,-1.251125,-1.249083333,-1.250875,1.072775991,1.045987439,1.05170783,mc2_tgT-mcBv2,cent,2017-02-20_1039,1,1,10,256,0.1,0.01,0.05,112,16,28,0.1,0,0,-28,28,0,0,0.66,0.33,2,1,0,"Static mask
Center target"
-1.13,-1.07,-1.09,9,mcBv-0.01_tgT-0.66_tgEcc-100,-1.251125,-1.249083333,-1.250875,1.107190265,1.167367601,1.147591743,mc2_tgT-mcBv2,peri,2017-02-20_1107,1,2,10,256,0.1,0.01,0.05,120,8,28,0.1,0,0,-100,100,0,0,0.66,0.66,2,1,0,"Static mask
Peripheral target"
-1.155,-1.136666667,-1.12125,9,mcBv-0.01_tgT-0.66_tgEcc-28,-1.251125,-1.249083333,-1.250875,1.083225108,1.098900293,1.115607581,mc2_tgT-mcBv2,cent,2017-02-20_1039,1,1,10,256,0.1,0.01,0.05,112,16,28,0.1,0,0,-28,28,0,0,0.66,0.66,2,1,0,"Static mask
Center target"
-1.06,-1.056666667,-1.02375,9,mcBv-0.01_tgT-1.0_tgEcc-100,-1.251125,-1.249083333,-1.250875,1.180306604,1.182097792,1.221855922,mc2_tgT-mcBv2,peri,2017-02-20_1107,1,2,10,256,0.1,0.01,0.05,120,8,28,0.1,0,0,-100,100,0,0,0.66,1,2,1,0,"Static mask
Peripheral target"
-1.23125,-1.1875,-1.215625,9,mcBv-0.01_tgT-1.0_tgEcc-28,-1.251125,-1.249083333,-1.250875,1.016142132,1.051859649,1.028997429,mc2_tgT-mcBv2,cent,2017-02-20_1039,1,1,10,256,0.1,0.01,0.05,112,16,28,0.1,0,0,-28,28,0,0,0.66,1,2,1,0,"Static mask
Center target"
-1.06,-1.073333333,-1.08,9,mcBv-0.01_tgT-1.33_tgEcc-100,-1.251125,-1.249083333,-1.250875,1.180306604,1.163742236,1.158217593,mc2_tgT-mcBv2,peri,2017-02-20_1107,1,2,10,256,0.1,0.01,0.05,120,8,28,0.1,0,0,-100,100,0,0,0.66,1.33,2,1,0,"Static mask
Peripheral target"
-1.12125,-1.0975,-1.110625,9,mcBv-0.01_tgT-1.33_tgEcc-28,-1.251125,-1.249083333,-1.250875,1.115830546,1.138116932,1.126280248,mc2_tgT-mcBv2,cent,2017-02-20_1039,1,1,10,256,0.1,0.01,0.05,112,16,28,0.1,0,0,-28,28,0,0,0.66,1.33,2,1,0,"Static mask
Center target"
-1.1825,-1.205,-1.21625,9,mcBv-0.01_tgT-1.66_tgEcc-100,-1.251125,-1.249083333,-1.250875,1.058033827,1.036583679,1.028468654,mc2_tgT-mcBv2,peri,2017-02-20_1107,1,2,10,256,0.1,0.01,0.05,120,8,28,0.1,0,0,-100,100,0,0,0.66,1.66,2,1,0,"Static mask
Peripheral target"
-1.335,-1.29,-1.26125,9,mcBv-0.01_tgT-1.66_tgEcc-28,-1.251125,-1.249083333,-1.250875,0.937172285,0.968281654,0.991774034,mc2_tgT-mcBv2,cent,2017-02-20_1039,1,1,10,256,0.1,0.01,0.05,112,16,28,0.1,0,0,-28,28,0,0,0.66,1.66,2,1,0,"Static mask
Center target"
-1.31,-1.306666667,-1.33625,9,mcBv-9.6_tgT-0.33_tgEcc-100,-1.251125,-1.249083333,-1.250875,0.955057252,0.955931122,0.936108513,mc2_tgT-mcBv2,peri,2017-02-20_1107,1,2,10,256,0.1,9.6,0.05,120,8,28,0.1,0,0,-100,100,0,0,0.66,0.33,2,1,16,"Dynamic mask
Peripheral target"
-1.37,-1.346666667,-1.3225,9,mcBv-9.6_tgT-0.33_tgEcc-28,-1.251125,-1.249083333,-1.250875,0.913229927,0.927537129,0.94584121,mc2_tgT-mcBv2,cent,2017-02-20_1039,1,1,10,256,0.1,9.6,0.05,112,16,28,0.1,0,0,-28,28,0,0,0.66,0.33,2,1,16,"Dynamic mask
Center target"
-1.42,-1.43,-1.46,9,mcBv-9.6_tgT-0.66_tgEcc-100,-1.251125,-1.249083333,-1.250875,0.881073944,0.873484848,0.856763699,mc2_tgT-mcBv2,peri,2017-02-20_1107,1,2,10,256,0.1,9.6,0.05,120,8,28,0.1,0,0,-100,100,0,0,0.66,0.66,2,1,16,"Dynamic mask
Peripheral target"
-1.36375,-1.309166667,-1.331875,9,mcBv-9.6_tgT-0.66_tgEcc-28,-1.251125,-1.249083333,-1.250875,0.917415215,0.954105665,0.939183482,mc2_tgT-mcBv2,cent,2017-02-20_1039,1,1,10,256,0.1,9.6,0.05,112,16,28,0.1,0,0,-28,28,0,0,0.66,0.66,2,1,16,"Dynamic mask
Center target"
-1.445,-1.446666667,-1.4225,9,mcBv-9.6_tgT-1.0_tgEcc-100,-1.251125,-1.249083333,-1.250875,0.86583045,0.863421659,0.879349736,mc2_tgT-mcBv2,peri,2017-02-20_1107,1,2,10,256,0.1,9.6,0.05,120,8,28,0.1,0,0,-100,100,0,0,0.66,1,2,1,16,"Dynamic mask
Peripheral target"
-1.40375,-1.4525,-1.401875,9,mcBv-9.6_tgT-1.0_tgEcc-28,-1.251125,-1.249083333,-1.250875,0.891273375,0.859954102,0.892287115,mc2_tgT-mcBv2,cent,2017-02-20_1039,1,1,10,256,0.1,9.6,0.05,112,16,28,0.1,0,0,-28,28,0,0,0.66,1,2,1,16,"Dynamic mask
Center target"
-1.33875,-1.3925,-1.419375,9,mcBv-9.6_tgT-1.33_tgEcc-100,-1.251125,-1.249083333,-1.250875,0.934547152,0.89700778,0.881285777,mc2_tgT-mcBv2,peri,2017-02-20_1107,1,2,10,256,0.1,9.6,0.05,120,8,28,0.1,0,0,-100,100,0,0,0.66,1.33,2,1,16,"Dynamic mask
Peripheral target"
-1.22125,-1.214166667,-1.223125,9,mcBv-9.6_tgT-1.33_tgEcc-28,-1.251125,-1.249083333,-1.250875,1.024462641,1.028757721,1.022687787,mc2_tgT-mcBv2,cent,2017-02-20_1039,1,1,10,256,0.1,9.6,0.05,112,16,28,0.1,0,0,-28,28,0,0,0.66,1.33,2,1,16,"Dynamic mask
Center target"
-1.51875,-1.545833333,-1.515625,9,mcBv-9.6_tgT-1.66_tgEcc-100,-1.251125,-1.249083333,-1.250875,0.823786008,0.808032345,0.825319588,mc2_tgT-mcBv2,peri,2017-02-20_1107,1,2,10,256,0.1,9.6,0.05,120,8,28,0.1,0,0,-100,100,0,0,0.66,1.66,2,1,16,"Dynamic mask
Peripheral target"
-1.205,-1.236666667,-1.265,9,mcBv-9.6_tgT-1.66_tgEcc-28,-1.251125,-1.249083333,-1.250875,1.038278008,1.010040431,0.988833992,mc2_tgT-mcBv2,cent,2017-02-20_1039,1,1,10,256,0.1,9.6,0.05,112,16,28,0.1,0,0,-28,28,0,0,0.66,1.66,2,1,16,"Dynamic mask
Center target"
-1.055,-1.053333333,-1.0525,13,mcBv-0.01_tgT-0.33_tgEcc-100,-1.4320625,-1.418458333,-1.40509375,1.357405213,1.346637658,1.335005938,mc2_tgT-mcBv2,peri,2017-02-23_1059,1,2,10,256,0.1,0.01,0.05,120,8,28,0.1,0,0,-100,100,0,0,0.66,0.33,2,1,0,"Static mask
Peripheral target"
-1.14,-1.176666667,-1.2325,13,mcBv-0.01_tgT-0.33_tgEcc-28,-1.4320625,-1.418458333,-1.40509375,1.256195175,1.205488669,1.140035497,mc2_tgT-mcBv2,cent,2017-02-22_1102,1,1,10,256,0.1,0.01,0.05,112,16,28,0.1,0,0,-28,28,0,0,0.66,0.33,2,1,0,"Static mask
Center target"
-1.21125,-1.124166667,-1.093125,13,mcBv-0.01_tgT-0.66_tgEcc-100,-1.4320625,-1.418458333,-1.40509375,1.182301342,1.261786509,1.285391652,mc2_tgT-mcBv2,peri,2017-02-23_1059,1,2,10,256,0.1,0.01,0.05,120,8,28,0.1,0,0,-100,100,0,0,0.66,0.66,2,1,0,"Static mask
Peripheral target"
-1.13,-1.17,-1.19,13,mcBv-0.01_tgT-0.66_tgEcc-28,-1.4320625,-1.418458333,-1.40509375,1.267311947,1.21235755,1.18075105,mc2_tgT-mcBv2,cent,2017-02-22_1102,1,1,10,256,0.1,0.01,0.05,112,16,28,0.1,0,0,-28,28,0,0,0.66,0.66,2,1,0,"Static mask
Center target"
-1.08375,-1.089166667,-1.179375,13,mcBv-0.01_tgT-1.0_tgEcc-100,-1.4320625,-1.418458333,-1.40509375,1.321395617,1.302333588,1.191388447,mc2_tgT-mcBv2,peri,2017-02-23_1059,1,2,10,256,0.1,0.01,0.05,120,8,28,0.1,0,0,-100,100,0,0,0.66,1,2,1,0,"Static mask
Peripheral target"
-1.105,-1.136666667,-1.10875,13,mcBv-0.01_tgT-1.0_tgEcc-28,-1.4320625,-1.418458333,-1.40509375,1.295984163,1.247910557,1.267277339,mc2_tgT-mcBv2,cent,2017-02-22_1102,1,1,10,256,0.1,0.01,0.05,112,16,28,0.1,0,0,-28,28,0,0,0.66,1,2,1,0,"Static mask
Center target"
-1.22,-1.23,-1.21,13,mcBv-0.01_tgT-1.33_tgEcc-100,-1.4320625,-1.418458333,-1.40509375,1.173821721,1.153218157,1.161234504,mc2_tgT-mcBv2,peri,2017-02-23_1059,1,2,10,256,0.1,0.01,0.05,120,8,28,0.1,0,0,-100,100,0,0,0.66,1.33,2,1,0,"Static mask
Peripheral target"
-1.3475,-1.381666667,-1.3675,13,mcBv-0.01_tgT-1.33_tgEcc-28,-1.4320625,-1.418458333,-1.40509375,1.062755102,1.026628468,1.027490859,mc2_tgT-mcBv2,cent,2017-02-22_1102,1,1,10,256,0.1,0.01,0.05,112,16,28,0.1,0,0,-28,28,0,0,0.66,1.33,2,1,0,"Static mask
Center target"
-1.445,-1.413333333,-1.385,13,mcBv-0.01_tgT-1.66_tgEcc-100,-1.4320625,-1.418458333,-1.40509375,0.991046713,1.003626179,1.014508123,mc2_tgT-mcBv2,peri,2017-02-23_1059,1,2,10,256,0.1,0.01,0.05,120,8,28,0.1,0,0,-100,100,0,0,0.66,1.66,2,1,0,"Static mask
Peripheral target"
-1.29375,-1.279166667,-1.271875,13,mcBv-0.01_tgT-1.66_tgEcc-28,-1.4320625,-1.418458333,-1.40509375,1.106908213,1.108892508,1.104742015,mc2_tgT-mcBv2,cent,2017-02-22_1102,1,1,10,256,0.1,0.01,0.05,112,16,28,0.1,0,0,-28,28,0,0,0.66,1.66,2,1,0,"Static mask
Center target"
-1.6475,-1.615,-1.58,13,mcBv-9.6_tgT-0.33_tgEcc-100,-1.4320625,-1.418458333,-1.40509375,0.869233687,0.878302374,0.889299842,mc2_tgT-mcBv2,peri,2017-02-23_1059,1,2,10,256,0.1,9.6,0.05,120,8,28,0.1,0,0,-100,100,0,0,0.66,0.33,2,1,16,"Dynamic mask
Peripheral target"
-1.60125,-1.534166667,-1.450625,13,mcBv-9.6_tgT-0.33_tgEcc-28,-1.4320625,-1.418458333,-1.40509375,0.894340359,0.924579033,0.968612667,mc2_tgT-mcBv2,cent,2017-02-22_1102,1,1,10,256,0.1,9.6,0.05,112,16,28,0.1,0,0,-28,28,0,0,0.66,0.33,2,1,16,"Dynamic mask
Center target"
-1.66,-1.64,-1.63,13,mcBv-9.6_tgT-0.66_tgEcc-100,-1.4320625,-1.418458333,-1.40509375,0.862688253,0.864913618,0.862020706,mc2_tgT-mcBv2,peri,2017-02-23_1059,1,2,10,256,0.1,9.6,0.05,120,8,28,0.1,0,0,-100,100,0,0,0.66,0.66,2,1,16,"Dynamic mask
Peripheral target"
-1.75375,-1.685833333,-1.639375,13,mcBv-9.6_tgT-0.66_tgEcc-28,-1.4320625,-1.418458333,-1.40509375,0.816571632,0.841398913,0.857091117,mc2_tgT-mcBv2,cent,2017-02-22_1102,1,1,10,256,0.1,9.6,0.05,112,16,28,0.1,0,0,-28,28,0,0,0.66,0.66,2,1,16,"Dynamic mask
Center target"
-1.65,-1.65,-1.575,13,mcBv-9.6_tgT-1.0_tgEcc-100,-1.4320625,-1.418458333,-1.40509375,0.867916667,0.859671717,0.892123016,mc2_tgT-mcBv2,peri,2017-02-23_1059,1,2,10,256,0.1,9.6,0.05,120,8,28,0.1,0,0,-100,100,0,0,0.66,1,2,1,16,"Dynamic mask
Peripheral target"
-1.44125,-1.410833333,-1.408125,13,mcBv-9.6_tgT-1.0_tgEcc-28,-1.4320625,-1.418458333,-1.40509375,0.993625325,1.005404607,0.997847315,mc2_tgT-mcBv2,cent,2017-02-22_1102,1,1,10,256,0.1,9.6,0.05,112,16,28,0.1,0,0,-28,28,0,0,0.66,1,2,1,16,"Dynamic mask
Center target"
-1.635,-1.606666667,-1.605,13,mcBv-9.6_tgT-1.33_tgEcc-100,-1.4320625,-1.418458333,-1.40509375,0.875879205,0.882857884,0.875447819,mc2_tgT-mcBv2,peri,2017-02-23_1059,1,2,10,256,0.1,9.6,0.05,120,8,28,0.1,0,0,-100,100,0,0,0.66,1.33,2,1,16,"Dynamic mask
Peripheral target"
-1.735,-1.74,-1.68625,13,mcBv-9.6_tgT-1.33_tgEcc-28,-1.4320625,-1.418458333,-1.40509375,0.825396254,0.815205939,0.833265382,mc2_tgT-mcBv2,cent,2017-02-22_1102,1,1,10,256,0.1,9.6,0.05,112,16,28,0.1,0,0,-28,28,0,0,0.66,1.33,2,1,16,"Dynamic mask
Center target"
-1.66375,-1.6675,-1.650625,13,mcBv-9.6_tgT-1.66_tgEcc-100,-1.4320625,-1.418458333,-1.40509375,0.860743802,0.850649675,0.851249527,mc2_tgT-mcBv2,peri,2017-02-23_1059,1,2,10,256,0.1,9.6,0.05,120,8,28,0.1,0,0,-100,100,0,0,0.66,1.66,2,1,16,"Dynamic mask
Peripheral target"
-1.8225,-1.765,-1.78625,13,mcBv-9.6_tgT-1.66_tgEcc-28,-1.4320625,-1.418458333,-1.40509375,0.785768176,0.803659112,0.786616515,mc2_tgT-mcBv2,cent,2017-02-22_1102,1,1,10,256,0.1,9.6,0.05,112,16,28,0.1,0,0,-28,28,0,0,0.66,1.66,2,1,16,"Dynamic mask
Center target"
-1.295,-1.28,-1.2975,14,mcBv-0.01_tgT-0.33_tgEcc-100,-1.431875,-1.42125,-1.4240625,1.105694981,1.110351563,1.097543353,mc2_tgT-mcBv2,peri,2017-02-22_1002,1,1,10,256,0.1,0.01,0.05,120,8,28,0.1,0,0,-100,100,0,0,0.66,0.33,2,1,0,"Static mask
Peripheral target"
-1.31,-1.306666667,-1.29875,14,mcBv-0.01_tgT-0.66_tgEcc-100,-1.431875,-1.42125,-1.4240625,1.093034351,1.087691327,1.096487007,mc2_tgT-mcBv2,peri,2017-02-22_1002,1,1,10,256,0.1,0.01,0.05,120,8,28,0.1,0,0,-100,100,0,0,0.66,0.66,2,1,0,"Static mask
Peripheral target"
-1.35125,-1.300833333,-1.313125,14,mcBv-0.01_tgT-1.0_tgEcc-100,-1.431875,-1.42125,-1.4240625,1.059666975,1.092568866,1.084483579,mc2_tgT-mcBv2,peri,2017-02-22_1002,1,1,10,256,0.1,0.01,0.05,120,8,28,0.1,0,0,-100,100,0,0,0.66,1,2,1,0,"Static mask
Peripheral target"
-1.4,-1.4,-1.35,14,mcBv-0.01_tgT-1.33_tgEcc-100,-1.431875,-1.42125,-1.4240625,1.022767857,1.015178571,1.054861111,mc2_tgT-mcBv2,peri,2017-02-22_1002,1,1,10,256,0.1,0.01,0.05,120,8,28,0.1,0,0,-100,100,0,0,0.66,1.33,2,1,0,"Static mask
Peripheral target"
-1.19125,-1.194166667,-1.226875,14,mcBv-0.01_tgT-1.66_tgEcc-100,-1.431875,-1.42125,-1.4240625,1.201993704,1.190160502,1.160723383,mc2_tgT-mcBv2,peri,2017-02-22_1002,1,1,10,256,0.1,0.01,0.05,120,8,28,0.1,0,0,-100,100,0,0,0.66,1.66,2,1,0,"Static mask
Peripheral target"
-1.52125,-1.4975,-1.491875,14,mcBv-9.6_tgT-0.33_tgEcc-100,-1.431875,-1.42125,-1.4240625,0.941248973,0.949081803,0.954545455,mc2_tgT-mcBv2,peri,2017-02-22_1002,1,1,10,256,0.1,9.6,0.05,120,8,28,0.1,0,0,-100,100,0,0,0.66,0.33,2,1,16,"Dynamic mask
Peripheral target"
-1.505,-1.503333333,-1.515,14,mcBv-9.6_tgT-0.66_tgEcc-100,-1.431875,-1.42125,-1.4240625,0.95141196,0.945399113,0.939975248,mc2_tgT-mcBv2,peri,2017-02-22_1002,1,1,10,256,0.1,9.6,0.05,120,8,28,0.1,0,0,-100,100,0,0,0.66,0.66,2,1,16,"Dynamic mask
Peripheral target"
-1.505,-1.536666667,-1.55875,14,mcBv-9.6_tgT-1.0_tgEcc-100,-1.431875,-1.42125,-1.4240625,0.95141196,0.92489154,0.913592622,mc2_tgT-mcBv2,peri,2017-02-22_1002,1,1,10,256,0.1,9.6,0.05,120,8,28,0.1,0,0,-100,100,0,0,0.66,1,2,1,16,"Dynamic mask
Peripheral target"
-1.64375,-1.645833333,-1.615625,14,mcBv-9.6_tgT-1.33_tgEcc-100,-1.431875,-1.42125,-1.4240625,0.871102662,0.863544304,0.881431335,mc2_tgT-mcBv2,peri,2017-02-22_1002,1,1,10,256,0.1,9.6,0.05,120,8,28,0.1,0,0,-100,100,0,0,0.66,1.33,2,1,16,"Dynamic mask
Peripheral target"
-1.59625,-1.5475,-1.573125,14,mcBv-9.6_tgT-1.66_tgEcc-100,-1.431875,-1.42125,-1.4240625,0.897024276,0.918416801,0.905244338,mc2_tgT-mcBv2,peri,2017-02-22_1002,1,1,10,256,0.1,9.6,0.05,120,8,28,0.1,0,0,-100,100,0,0,0.66,1.66,2,1,16,"Dynamic mask
Peripheral target"
-1.065,-1.043333333,-1.02,16,mcBv-0.01_tgT-0.33_tgEcc-100,-1.1689375,-1.145958333,-1.13478125,1.097593897,1.09836262,1.112530637,mc2_tgT-mcBv2,peri,2017-02-18_1338,0,1,10,256,0.1,0.01,0.05,120,8,28,0.1,0,0,-100,100,0,0,0.66,0.33,2,1,0,"Static mask
Peripheral target"
-0.93125,-0.920833333,-0.903125,16,mcBv-0.01_tgT-0.33_tgEcc-28,-1.1689375,-1.145958333,-1.13478125,1.255234899,1.244479638,1.25650519,mc2_tgT-mcBv2,cent,2017-02-18_1401,0,2,10,256,0.1,0.01,0.05,112,16,28,0.1,0,0,-28,28,0,0,0.66,0.33,2,1,0,"Static mask
Center target"
-1.05625,-1.054166667,-1.059375,16,mcBv-0.01_tgT-0.66_tgEcc-100,-1.1689375,-1.145958333,-1.13478125,1.106686391,1.087075099,1.071179941,mc2_tgT-mcBv2,peri,2017-02-18_1338,0,1,10,256,0.1,0.01,0.05,120,8,28,0.1,0,0,-100,100,0,0,0.66,0.66,2,1,0,"Static mask
Peripheral target"
-1.1,-1.1,-1.1,16,mcBv-0.01_tgT-0.66_tgEcc-28,-1.1689375,-1.145958333,-1.13478125,1.062670455,1.041780303,1.031619318,mc2_tgT-mcBv2,cent,2017-02-18_1401,0,2,10,256,0.1,0.01,0.05,112,16,28,0.1,0,0,-28,28,0,0,0.66,0.66,2,1,0,"Static mask
Center target"
-1.105,-1.103333333,-1.08375,16,mcBv-0.01_tgT-1.0_tgEcc-100,-1.1689375,-1.145958333,-1.13478125,1.057861991,1.038632931,1.047087659,mc2_tgT-mcBv2,peri,2017-02-18_1338,0,1,10,256,0.1,0.01,0.05,120,8,28,0.1,0,0,-100,100,0,0,0.66,1,2,1,0,"Static mask
Peripheral target"
-1.11625,-1.0775,-1.039375,16,mcBv-0.01_tgT-1.0_tgEcc-28,-1.1689375,-1.145958333,-1.13478125,1.047200448,1.063534416,1.091791942,mc2_tgT-mcBv2,cent,2017-02-18_1401,0,2,10,256,0.1,0.01,0.05,112,16,28,0.1,0,0,-28,28,0,0,0.66,1,2,1,0,"Static mask
Center target"
-1.155,-1.22,-1.2275,16,mcBv-0.01_tgT-1.33_tgEcc-100,-1.1689375,-1.145958333,-1.13478125,1.0120671,0.939310109,0.924465377,mc2_tgT-mcBv2,peri,2017-02-18_1338,0,1,10,256,0.1,0.01,0.05,120,8,28,0.1,0,0,-100,100,0,0,0.66,1.33,2,1,0,"Static mask
Peripheral target"
-1.0275,-1.051666667,-1.0825,16,mcBv-0.01_tgT-1.33_tgEcc-28,-1.1689375,-1.145958333,-1.13478125,1.137652068,1.089659271,1.048296767,mc2_tgT-mcBv2,cent,2017-02-18_1401,0,2,10,256,0.1,0.01,0.05,112,16,28,0.1,0,0,-28,28,0,0,0.66,1.33,2,1,0,"Static mask
Center target"
-1.185,-1.19,-1.16125,16,mcBv-0.01_tgT-1.66_tgEcc-100,-1.1689375,-1.145958333,-1.13478125,0.986445148,0.962990196,0.977206674,mc2_tgT-mcBv2,peri,2017-02-18_1338,0,1,10,256,0.1,0.01,0.05,120,8,28,0.1,0,0,-100,100,0,0,0.66,1.66,2,1,0,"Static mask
Peripheral target"
-0.9425,-0.928333333,-0.89,16,mcBv-0.01_tgT-1.66_tgEcc-28,-1.1689375,-1.145958333,-1.13478125,1.240251989,1.234425494,1.275035112,mc2_tgT-mcBv2,cent,2017-02-18_1401,0,2,10,256,0.1,0.01,0.05,112,16,28,0.1,0,0,-28,28,0,0,0.66,1.66,2,1,0,"Static mask
Center target"
-1.2925,-1.245,-1.20875,16,mcBv-9.6_tgT-0.33_tgEcc-100,-1.1689375,-1.145958333,-1.13478125,0.904400387,0.920448461,0.938805584,mc2_tgT-mcBv2,peri,2017-02-18_1338,0,1,10,256,0.1,9.6,0.05,120,8,28,0.1,0,0,-100,100,0,0,0.66,0.33,2,1,16,"Dynamic mask
Peripheral target"
-1.24375,-1.2125,-1.203125,16,mcBv-9.6_tgT-0.33_tgEcc-28,-1.1689375,-1.145958333,-1.13478125,0.939849246,0.945120275,0.943194805,mc2_tgT-mcBv2,cent,2017-02-18_1401,0,2,10,256,0.1,9.6,0.05,112,16,28,0.1,0,0,-28,28,0,0,0.66,0.33,2,1,16,"Dynamic mask
Center target"
-1.15875,-1.1725,-1.223125,16,mcBv-9.6_tgT-0.66_tgEcc-100,-1.1689375,-1.145958333,-1.13478125,1.008791802,0.977363184,0.9277721,mc2_tgT-mcBv2,peri,2017-02-18_1338,0,1,10,256,0.1,9.6,0.05,120,8,28,0.1,0,0,-100,100,0,0,0.66,0.66,2,1,16,"Dynamic mask
Peripheral target"
-1.49125,-1.3775,-1.370625,16,mcBv-9.6_tgT-0.66_tgEcc-28,-1.1689375,-1.145958333,-1.13478125,0.783864208,0.831911676,0.827929777,mc2_tgT-mcBv2,cent,2017-02-18_1401,0,2,10,256,0.1,9.6,0.05,112,16,28,0.1,0,0,-28,28,0,0,0.66,0.66,2,1,16,"Dynamic mask
Center target"
-1.35125,-1.350833333,-1.363125,16,mcBv-9.6_tgT-1.0_tgEcc-100,-1.1689375,-1.145958333,-1.13478125,0.865078631,0.848334362,0.832485099,mc2_tgT-mcBv2,peri,2017-02-18_1338,0,1,10,256,0.1,9.6,0.05,120,8,28,0.1,0,0,-100,100,0,0,0.66,1,2,1,16,"Dynamic mask
Peripheral target"
-1.3,-1.233333333,-1.18125,16,mcBv-9.6_tgT-1.0_tgEcc-28,-1.1689375,-1.145958333,-1.13478125,0.899182692,0.929155405,0.960661376,mc2_tgT-mcBv2,cent,2017-02-18_1401,0,2,10,256,0.1,9.6,0.05,112,16,28,0.1,0,0,-28,28,0,0,0.66,1,2,1,16,"Dynamic mask
Center target"
-1.03,-0.986666667,-0.99,16,mcBv-9.6_tgT-1.33_tgEcc-100,-1.1689375,-1.145958333,-1.13478125,1.134890777,1.161444257,1.146243687,mc2_tgT-mcBv2,peri,2017-02-18_1338,0,1,10,256,0.1,9.6,0.05,120,8,28,0.1,0,0,-100,100,0,0,0.66,1.33,2,1,16,"Dynamic mask
Peripheral target"
-1.475,-1.416666667,-1.36875,16,mcBv-9.6_tgT-1.33_tgEcc-28,-1.1689375,-1.145958333,-1.13478125,0.7925,0.808911765,0.829063927,mc2_tgT-mcBv2,cent,2017-02-18_1401,0,2,10,256,0.1,9.6,0.05,112,16,28,0.1,0,0,-28,28,0,0,0.66,1.33,2,1,16,"Dynamic mask
Center target"
-1.2225,-1.165,-1.17375,16,mcBv-9.6_tgT-1.66_tgEcc-100,-1.1689375,-1.145958333,-1.13478125,0.956186094,0.983655222,0.966799787,mc2_tgT-mcBv2,peri,2017-02-18_1338,0,1,10,256,0.1,9.6,0.05,120,8,28,0.1,0,0,-100,100,0,0,0.66,1.66,2,1,16,"Dynamic mask
Peripheral target"
-1.13,-1.07,-1.04625,16,mcBv-9.6_tgT-1.66_tgEcc-28,-1.1689375,-1.145958333,-1.13478125,1.034457965,1.070989097,1.084617682,mc2_tgT-mcBv2,cent,2017-02-18_1401,0,2,10,256,0.1,9.6,0.05,112,16,28,0.1,0,0,-28,28,0,0,0.66,1.66,2,1,16,"Dynamic mask
Center target"
-1.25,-1.3,-1.30625,17,mcBv-0.01_tgT-0.33_tgEcc-100,-1.5053125,-1.507708333,-1.50828125,1.20425,1.159775641,1.154665072,mc2_tgT-mcBv2,peri,2017-02-18_1525,0,2,10,256,0.1,0.01,0.05,120,8,28,0.1,0,0,-100,100,0,0,0.66,0.33,2,1,0,"Static mask
Peripheral target"
-1.5575,-1.571666667,-1.49125,17,mcBv-0.01_tgT-0.33_tgEcc-28,-1.5053125,-1.507708333,-1.50828125,0.966492777,0.959305408,1.011420788,mc2_tgT-mcBv2,cent,2017-02-18_1452,0,1,10,256,0.1,0.01,0.05,112,16,28,0.1,0,0,-28,28,0,0,0.66,0.33,2,1,0,"Static mask
Center target"
-1.34,-1.36,-1.37,17,mcBv-0.01_tgT-0.66_tgEcc-100,-1.5053125,-1.507708333,-1.50828125,1.123367537,1.108609069,1.100935219,mc2_tgT-mcBv2,peri,2017-02-18_1525,0,2,10,256,0.1,0.01,0.05,120,8,28,0.1,0,0,-100,100,0,0,0.66,0.66,2,1,0,"Static mask
Peripheral target"
-1.44,-1.493333333,-1.57,17,mcBv-0.01_tgT-0.66_tgEcc-28,-1.5053125,-1.507708333,-1.50828125,1.045355903,1.009626116,0.960688694,mc2_tgT-mcBv2,cent,2017-02-18_1452,0,1,10,256,0.1,0.01,0.05,112,16,28,0.1,0,0,-28,28,0,0,0.66,0.66,2,1,0,"Static mask
Center target"
-1.29,-1.293333333,-1.26375,17,mcBv-0.01_tgT-1.0_tgEcc-100,-1.5053125,-1.507708333,-1.50828125,1.166908915,1.165753866,1.193496538,mc2_tgT-mcBv2,peri,2017-02-18_1525,0,2,10,256,0.1,0.01,0.05,120,8,28,0.1,0,0,-100,100,0,0,0.66,1,2,1,0,"Static mask
Peripheral target"
-1.71875,-1.6125,-1.603125,17,mcBv-0.01_tgT-1.0_tgEcc-28,-1.5053125,-1.507708333,-1.50828125,0.875818182,0.93501292,0.940838207,mc2_tgT-mcBv2,cent,2017-02-18_1452,0,1,10,256,0.1,0.01,0.05,112,16,28,0.1,0,0,-28,28,0,0,0.66,1,2,1,0,"Static mask
Center target"
-1.3,-1.283333333,-1.33125,17,mcBv-0.01_tgT-1.33_tgEcc-100,-1.5053125,-1.507708333,-1.50828125,1.157932692,1.174837662,1.132981221,mc2_tgT-mcBv2,peri,2017-02-18_1525,0,2,10,256,0.1,0.01,0.05,120,8,28,0.1,0,0,-100,100,0,0,0.66,1.33,2,1,0,"Static mask
Peripheral target"
-1.4325,-1.438333333,-1.50375,17,mcBv-0.01_tgT-1.33_tgEcc-28,-1.5053125,-1.507708333,-1.50828125,1.05082897,1.048232908,1.0030133,mc2_tgT-mcBv2,cent,2017-02-18_1452,0,1,10,256,0.1,0.01,0.05,112,16,28,0.1,0,0,-28,28,0,0,0.66,1.33,2,1,0,"Static mask
Center target"
-1.275,-1.283333333,-1.275,17,mcBv-0.01_tgT-1.66_tgEcc-100,-1.5053125,-1.507708333,-1.50828125,1.180637255,1.174837662,1.182965686,mc2_tgT-mcBv2,peri,2017-02-18_1525,0,2,10,256,0.1,0.01,0.05,120,8,28,0.1,0,0,-100,100,0,0,0.66,1.66,2,1,0,"Static mask
Peripheral target"
-1.4875,-1.625,-1.59375,17,mcBv-0.01_tgT-1.66_tgEcc-28,-1.5053125,-1.507708333,-1.50828125,1.01197479,0.927820513,0.946372549,mc2_tgT-mcBv2,cent,2017-02-18_1452,0,1,10,256,0.1,0.01,0.05,112,16,28,0.1,0,0,-28,28,0,0,0.66,1.66,2,1,0,"Static mask
Center target"
-1.6,-1.6,-1.6,17,mcBv-9.6_tgT-0.33_tgEcc-100,-1.5053125,-1.507708333,-1.50828125,0.940820313,0.942317708,0.942675781,mc2_tgT-mcBv2,peri,2017-02-18_1525,0,2,10,256,0.1,9.6,0.05,120,8,28,0.1,0,0,-100,100,0,0,0.66,0.33,2,1,16,"Dynamic mask
Peripheral target"
-1.6125,-1.641666667,-1.65,17,mcBv-9.6_tgT-0.33_tgEcc-28,-1.5053125,-1.507708333,-1.50828125,0.933527132,0.918401015,0.914109848,mc2_tgT-mcBv2,cent,2017-02-18_1452,0,1,10,256,0.1,9.6,0.05,112,16,28,0.1,0,0,-28,28,0,0,0.66,0.33,2,1,16,"Dynamic mask
Center target"
-1.545,-1.48,-1.46625,17,mcBv-9.6_tgT-0.66_tgEcc-100,-1.5053125,-1.507708333,-1.50828125,0.974312298,1.018721847,1.028665814,mc2_tgT-mcBv2,peri,2017-02-18_1525,0,2,10,256,0.1,9.6,0.05,120,8,28,0.1,0,0,-100,100,0,0,0.66,0.66,2,1,16,"Dynamic mask
Peripheral target"
-1.655,-1.653333333,-1.68375,17,mcBv-9.6_tgT-0.66_tgEcc-28,-1.5053125,-1.507708333,-1.50828125,0.909554381,0.911920363,0.895786934,mc2_tgT-mcBv2,cent,2017-02-18_1452,0,1,10,256,0.1,9.6,0.05,112,16,28,0.1,0,0,-28,28,0,0,0.66,0.66,2,1,16,"Dynamic mask
Center target"
-1.535,-1.49,-1.42375,17,mcBv-9.6_tgT-1.0_tgEcc-100,-1.5053125,-1.507708333,-1.50828125,0.980659609,1.011884787,1.059372256,mc2_tgT-mcBv2,peri,2017-02-18_1525,0,2,10,256,0.1,9.6,0.05,120,8,28,0.1,0,0,-100,100,0,0,0.66,1,2,1,16,"Dynamic mask
Peripheral target"
-1.6875,-1.641666667,-1.65,17,mcBv-9.6_tgT-1.0_tgEcc-28,-1.5053125,-1.507708333,-1.50828125,0.892037037,0.918401015,0.914109848,mc2_tgT-mcBv2,cent,2017-02-18_1452,0,1,10,256,0.1,9.6,0.05,112,16,28,0.1,0,0,-28,28,0,0,0.66,1,2,1,16,"Dynamic mask
Center target"
-1.525,-1.533333333,-1.525,17,mcBv-9.6_tgT-1.33_tgEcc-100,-1.5053125,-1.507708333,-1.50828125,0.987090164,0.983288043,0.989036885,mc2_tgT-mcBv2,peri,2017-02-18_1525,0,2,10,256,0.1,9.6,0.05,120,8,28,0.1,0,0,-100,100,0,0,0.66,1.33,2,1,16,"Dynamic mask
Peripheral target"
-1.615,-1.61,-1.62625,17,mcBv-9.6_tgT-1.33_tgEcc-28,-1.5053125,-1.507708333,-1.50828125,0.932082043,0.936464803,0.927459646,mc2_tgT-mcBv2,cent,2017-02-18_1452,0,1,10,256,0.1,9.6,0.05,112,16,28,0.1,0,0,-28,28,0,0,0.66,1.33,2,1,16,"Dynamic mask
Center target"
-1.495,-1.48,-1.46625,17,mcBv-9.6_tgT-1.66_tgEcc-100,-1.5053125,-1.507708333,-1.50828125,1.006897993,1.018721847,1.028665814,mc2_tgT-mcBv2,peri,2017-02-18_1525,0,2,10,256,0.1,9.6,0.05,120,8,28,0.1,0,0,-100,100,0,0,0.66,1.66,2,1,16,"Dynamic mask
Peripheral target"
-1.745,-1.763333333,-1.76625,17,mcBv-9.6_tgT-1.66_tgEcc-28,-1.5053125,-1.507708333,-1.50828125,0.862643266,0.855033081,0.853945506,mc2_tgT-mcBv2,cent,2017-02-18_1452,0,1,10,256,0.1,9.6,0.05,112,16,28,0.1,0,0,-28,28,0,0,0.66,1.66,2,1,16,"Dynamic mask
Center target"
-1.7175,-1.728333333,-1.715,18,mcBv-0.01_tgT-0.33_tgEcc-100,-1.8080625,-1.780375,-1.75528125,1.052729258,1.030110897,1.023487609,mc2_tgT-mcBv2,peri,2017-02-18_1633,0,1,10,256,0.1,0.01,0.05,120,8,28,0.1,0,0,-100,100,0,0,0.66,0.33,2,1,0,"Static mask
Peripheral target"
-1.68,-1.636666667,-1.5775,18,mcBv-0.01_tgT-0.33_tgEcc-28,-1.8080625,-1.780375,-1.75528125,1.076227679,1.087805499,1.112698098,mc2_tgT-mcBv2,cent,2017-02-18_1703,0,2,10,256,0.1,0.01,0.05,112,16,28,0.1,0,0,-28,28,0,0,0.66,0.33,2,1,0,"Static mask
Center target"
-1.675,-1.675,-1.63125,18,mcBv-0.01_tgT-0.66_tgEcc-100,-1.8080625,-1.780375,-1.75528125,1.079440299,1.062910448,1.076034483,mc2_tgT-mcBv2,peri,2017-02-18_1633,0,1,10,256,0.1,0.01,0.05,120,8,28,0.1,0,0,-100,100,0,0,0.66,0.66,2,1,0,"Static mask
Peripheral target"
-1.925,-1.9,-1.8625,18,mcBv-0.01_tgT-0.66_tgEcc-28,-1.8080625,-1.780375,-1.75528125,0.939253247,0.937039474,0.942432886,mc2_tgT-mcBv2,cent,2017-02-18_1703,0,2,10,256,0.1,0.01,0.05,112,16,28,0.1,0,0,-28,28,0,0,0.66,0.66,2,1,0,"Static mask
Center target"
-1.74875,-1.715833333,-1.686875,18,mcBv-0.01_tgT-1.0_tgEcc-100,-1.8080625,-1.780375,-1.75528125,1.033917084,1.037615347,1.040552056,mc2_tgT-mcBv2,peri,2017-02-18_1633,0,1,10,256,0.1,0.01,0.05,120,8,28,0.1,0,0,-100,100,0,0,0.66,1,2,1,0,"Static mask
Peripheral target"
-1.9075,-1.846666667,-1.79125,18,mcBv-0.01_tgT-1.0_tgEcc-28,-1.8080625,-1.780375,-1.75528125,0.947870249,0.964101986,0.979919749,mc2_tgT-mcBv2,cent,2017-02-18_1703,0,2,10,256,0.1,0.01,0.05,112,16,28,0.1,0,0,-28,28,0,0,0.66,1,2,1,0,"Static mask
Center target"
-1.82125,-1.764166667,-1.748125,18,mcBv-0.01_tgT-1.33_tgEcc-100,-1.8080625,-1.780375,-1.75528125,0.992759094,1.00918753,1.004093672,mc2_tgT-mcBv2,peri,2017-02-18_1633,0,1,10,256,0.1,0.01,0.05,120,8,28,0.1,0,0,-100,100,0,0,0.66,1.33,2,1,0,"Static mask
Peripheral target"
-1.85375,-1.8025,-1.795625,18,mcBv-0.01_tgT-1.33_tgEcc-28,-1.8080625,-1.780375,-1.75528125,0.975354012,0.987725381,0.977532196,mc2_tgT-mcBv2,cent,2017-02-18_1703,0,2,10,256,0.1,0.01,0.05,112,16,28,0.1,0,0,-28,28,0,0,0.66,1.33,2,1,0,"Static mask
Center target"
-1.59625,-1.614166667,-1.598125,18,mcBv-0.01_tgT-1.66_tgEcc-100,-1.8080625,-1.780375,-1.75528125,1.132693814,1.102968508,1.098337896,mc2_tgT-mcBv2,peri,2017-02-18_1633,0,1,10,256,0.1,0.01,0.05,120,8,28,0.1,0,0,-100,100,0,0,0.66,1.66,2,1,0,"Static mask
Peripheral target"
-1.86,-1.84,-1.83,18,mcBv-0.01_tgT-1.66_tgEcc-28,-1.8080625,-1.780375,-1.75528125,0.972076613,0.967595109,0.959170082,mc2_tgT-mcBv2,cent,2017-02-18_1703,0,2,10,256,0.1,0.01,0.05,112,16,28,0.1,0,0,-28,28,0,0,0.66,1.66,2,1,0,"Static mask
Center target"
-1.815,-1.726666667,-1.695,18,mcBv-9.6_tgT-0.33_tgEcc-100,-1.8080625,-1.780375,-1.75528125,0.996177686,1.031105212,1.035564159,mc2_tgT-mcBv2,peri,2017-02-18_1633,0,1,10,256,0.1,9.6,0.05,120,8,28,0.1,0,0,-100,100,0,0,0.66,0.33,2,1,16,"Dynamic mask
Peripheral target"
-1.88625,-1.8575,-1.855625,18,mcBv-9.6_tgT-0.33_tgEcc-28,-1.8080625,-1.780375,-1.75528125,0.958548708,0.958479139,0.945924554,mc2_tgT-mcBv2,cent,2017-02-18_1703,0,2,10,256,0.1,9.6,0.05,112,16,28,0.1,0,0,-28,28,0,0,0.66,0.33,2,1,16,"Dynamic mask
Center target"
-1.87625,-1.834166667,-1.775625,18,mcBv-9.6_tgT-0.66_tgEcc-100,-1.8080625,-1.780375,-1.75528125,0.963657562,0.970672422,0.988542767,mc2_tgT-mcBv2,peri,2017-02-18_1633,0,1,10,256,0.1,9.6,0.05,120,8,28,0.1,0,0,-100,100,0,0,0.66,0.66,2,1,16,"Dynamic mask
Peripheral target"
-1.90625,-1.8875,-1.878125,18,mcBv-9.6_tgT-0.66_tgEcc-28,-1.8080625,-1.780375,-1.75528125,0.948491803,0.943245033,0.934592346,mc2_tgT-mcBv2,cent,2017-02-18_1703,0,2,10,256,0.1,9.6,0.05,112,16,28,0.1,0,0,-28,28,0,0,0.66,0.66,2,1,16,"Dynamic mask
Center target"
-1.665,-1.676666667,-1.70125,18,mcBv-9.6_tgT-1.0_tgEcc-100,-1.8080625,-1.780375,-1.75528125,1.085923423,1.061853877,1.031759735,mc2_tgT-mcBv2,peri,2017-02-18_1633,0,1,10,256,0.1,9.6,0.05,120,8,28,0.1,0,0,-100,100,0,0,0.66,1,2,1,16,"Dynamic mask
Peripheral target"
-1.925,-1.9,-1.8875,18,mcBv-9.6_tgT-1.0_tgEcc-28,-1.8080625,-1.780375,-1.75528125,0.939253247,0.937039474,0.929950331,mc2_tgT-mcBv2,cent,2017-02-18_1703,0,2,10,256,0.1,9.6,0.05,112,16,28,0.1,0,0,-28,28,0,0,0.66,1,2,1,16,"Dynamic mask
Center target"
-1.6875,-1.608333333,-1.5625,18,mcBv-9.6_tgT-1.33_tgEcc-100,-1.8080625,-1.780375,-1.75528125,1.071444444,1.106968912,1.12338,mc2_tgT-mcBv2,peri,2017-02-18_1633,0,1,10,256,0.1,9.6,0.05,120,8,28,0.1,0,0,-100,100,0,0,0.66,1.33,2,1,16,"Dynamic mask
Peripheral target"
-1.9,-1.9,-1.84375,18,mcBv-9.6_tgT-1.33_tgEcc-28,-1.8080625,-1.780375,-1.75528125,0.951611842,0.937039474,0.952016949,mc2_tgT-mcBv2,cent,2017-02-18_1703,0,2,10,256,0.1,9.6,0.05,112,16,28,0.1,0,0,-28,28,0,0,0.66,1.33,2,1,16,"Dynamic mask
Center target"
-1.7825,-1.771666667,-1.76625,18,mcBv-9.6_tgT-1.66_tgEcc-100,-1.8080625,-1.780375,-1.75528125,1.014340813,1.004915334,0.993789809,mc2_tgT-mcBv2,peri,2017-02-18_1633,0,1,10,256,0.1,9.6,0.05,120,8,28,0.1,0,0,-100,100,0,0,0.66,1.66,2,1,16,"Dynamic mask
Peripheral target"
-1.9325,-1.921666667,-1.90375,18,mcBv-9.6_tgT-1.66_tgEcc-28,-1.8080625,-1.780375,-1.75528125,0.935608021,0.926474415,0.922012475,mc2_tgT-mcBv2,cent,2017-02-18_1703,0,2,10,256,0.1,9.6,0.05,112,16,28,0.1,0,0,-28,28,0,0,0.66,1.66,2,1,16,"Dynamic mask
Center target"
-1.03375,-1.0225,-1.016875,19,mcBv-0.01_tgT-0.33_tgEcc-100,-1.2471875,-1.242291667,-1.24171875,1.206469166,1.214955175,1.221112477,mc2_tgT-mcBv2,peri,2017-02-20_1312,1,1,10,256,0.1,0.01,0.05,120,8,28,0.1,0,0,-100,100,0,0,0.66,0.33,2,1,0,"Static mask
Peripheral target"
-1.275,-1.283333333,-1.25625,19,mcBv-0.01_tgT-0.33_tgEcc-28,-1.2471875,-1.242291667,-1.24171875,0.978186275,0.968019481,0.988432836,mc2_tgT-mcBv2,cent,2017-02-20_1333,1,2,10,256,0.1,0.01,0.05,112,16,28,0.1,0,0,-28,28,0,0,0.66,0.33,2,1,0,"Static mask
Center target"
-0.93,-0.953333333,-0.9275,19,mcBv-0.01_tgT-0.66_tgEcc-100,-1.2471875,-1.242291667,-1.24171875,1.341061828,1.303103147,1.338780323,mc2_tgT-mcBv2,peri,2017-02-20_1312,1,1,10,256,0.1,0.01,0.05,120,8,28,0.1,0,0,-100,100,0,0,0.66,0.66,2,1,0,"Static mask
Peripheral target"
-1.0525,-1.135,-1.22,19,mcBv-0.01_tgT-0.66_tgEcc-28,-1.2471875,-1.242291667,-1.24171875,1.184976247,1.094530103,1.017802254,mc2_tgT-mcBv2,cent,2017-02-20_1333,1,2,10,256,0.1,0.01,0.05,112,16,28,0.1,0,0,-28,28,0,0,0.66,0.66,2,1,0,"Static mask
Center target"
-1.13875,-1.1425,-1.113125,19,mcBv-0.01_tgT-1.0_tgEcc-100,-1.2471875,-1.242291667,-1.24171875,1.095225027,1.087345004,1.115524986,mc2_tgT-mcBv2,peri,2017-02-20_1312,1,1,10,256,0.1,0.01,0.05,120,8,28,0.1,0,0,-100,100,0,0,0.66,1,2,1,0,"Static mask
Peripheral target"
-1.17625,-1.134166667,-1.113125,19,mcBv-0.01_tgT-1.0_tgEcc-28,-1.2471875,-1.242291667,-1.24171875,1.060308183,1.095334313,1.115524986,mc2_tgT-mcBv2,cent,2017-02-20_1333,1,2,10,256,0.1,0.01,0.05,112,16,28,0.1,0,0,-28,28,0,0,0.66,1,2,1,0,"Static mask
Center target"
-1.095,-1.113333333,-1.11,19,mcBv-0.01_tgT-1.33_tgEcc-100,-1.2471875,-1.242291667,-1.24171875,1.138984018,1.115830838,1.118665541,mc2_tgT-mcBv2,peri,2017-02-20_1312,1,1,10,256,0.1,0.01,0.05,120,8,28,0.1,0,0,-100,100,0,0,0.66,1.33,2,1,0,"Static mask
Peripheral target"
-1.005,-1.103333333,-1.1525,19,mcBv-0.01_tgT-1.33_tgEcc-28,-1.2471875,-1.242291667,-1.24171875,1.240982587,1.125944109,1.077413232,mc2_tgT-mcBv2,cent,2017-02-20_1333,1,2,10,256,0.1,0.01,0.05,112,16,28,0.1,0,0,-28,28,0,0,0.66,1.33,2,1,0,"Static mask
Center target"
-1.135,-1.106666667,-1.105,19,mcBv-0.01_tgT-1.66_tgEcc-100,-1.2471875,-1.242291667,-1.24171875,1.098843612,1.122552711,1.123727376,mc2_tgT-mcBv2,peri,2017-02-20_1312,1,1,10,256,0.1,0.01,0.05,120,8,28,0.1,0,0,-100,100,0,0,0.66,1.66,2,1,0,"Static mask
Peripheral target"
-1.10125,-1.0675,-1.100625,19,mcBv-0.01_tgT-1.66_tgEcc-28,-1.2471875,-1.242291667,-1.24171875,1.132519864,1.163739266,1.128194208,mc2_tgT-mcBv2,cent,2017-02-20_1333,1,2,10,256,0.1,0.01,0.05,112,16,28,0.1,0,0,-28,28,0,0,0.66,1.66,2,1,0,"Static mask
Center target"
-1.255,-1.286666667,-1.33375,19,mcBv-9.6_tgT-0.33_tgEcc-100,-1.2471875,-1.242291667,-1.24171875,0.9937749,0.965511658,0.930998126,mc2_tgT-mcBv2,peri,2017-02-20_1312,1,1,10,256,0.1,9.6,0.05,120,8,28,0.1,0,0,-100,100,0,0,0.66,0.33,2,1,16,"Dynamic mask
Peripheral target"
-1.44625,-1.430833333,-1.448125,19,mcBv-9.6_tgT-0.33_tgEcc-28,-1.2471875,-1.242291667,-1.24171875,0.862359551,0.86822947,0.857466552,mc2_tgT-mcBv2,cent,2017-02-20_1333,1,2,10,256,0.1,9.6,0.05,112,16,28,0.1,0,0,-28,28,0,0,0.66,0.33,2,1,16,"Dynamic mask
Center target"
-1.43125,-1.4375,-1.396875,19,mcBv-9.6_tgT-0.66_tgEcc-100,-1.2471875,-1.242291667,-1.24171875,0.87139738,0.864202899,0.888926174,mc2_tgT-mcBv2,peri,2017-02-20_1312,1,1,10,256,0.1,9.6,0.05,120,8,28,0.1,0,0,-100,100,0,0,0.66,0.66,2,1,16,"Dynamic mask
Peripheral target"
-1.44125,-1.444166667,-1.439375,19,mcBv-9.6_tgT-0.66_tgEcc-28,-1.2471875,-1.242291667,-1.24171875,0.865351258,0.860213503,0.862679114,mc2_tgT-mcBv2,cent,2017-02-20_1333,1,2,10,256,0.1,9.6,0.05,112,16,28,0.1,0,0,-28,28,0,0,0.66,0.66,2,1,16,"Dynamic mask
Center target"
-1.3925,-1.345,-1.32125,19,mcBv-9.6_tgT-1.0_tgEcc-100,-1.2471875,-1.242291667,-1.24171875,0.89564632,0.923636927,0.939806055,mc2_tgT-mcBv2,peri,2017-02-20_1312,1,1,10,256,0.1,9.6,0.05,120,8,28,0.1,0,0,-100,100,0,0,0.66,1,2,1,16,"Dynamic mask
Peripheral target"
-1.3675,-1.295,-1.28375,19,mcBv-9.6_tgT-1.0_tgEcc-28,-1.2471875,-1.242291667,-1.24171875,0.91202011,0.959298584,0.967259007,mc2_tgT-mcBv2,cent,2017-02-20_1333,1,2,10,256,0.1,9.6,0.05,112,16,28,0.1,0,0,-28,28,0,0,0.66,1,2,1,16,"Dynamic mask
Center target"
-1.50125,-1.484166667,-1.463125,19,mcBv-9.6_tgT-1.33_tgEcc-100,-1.2471875,-1.242291667,-1.24171875,0.830766028,0.837029759,0.84867578,mc2_tgT-mcBv2,peri,2017-02-20_1312,1,1,10,256,0.1,9.6,0.05,120,8,28,0.1,0,0,-100,100,0,0,0.66,1.33,2,1,16,"Dynamic mask
Peripheral target"
-1.36625,-1.344166667,-1.339375,19,mcBv-9.6_tgT-1.33_tgEcc-28,-1.2471875,-1.242291667,-1.24171875,0.912854529,0.924209547,0.927088194,mc2_tgT-mcBv2,cent,2017-02-20_1333,1,2,10,256,0.1,9.6,0.05,112,16,28,0.1,0,0,-28,28,0,0,0.66,1.33,2,1,16,"Dynamic mask
Center target"
-1.42375,-1.3325,-1.280625,19,mcBv-9.6_tgT-1.66_tgEcc-100,-1.2471875,-1.242291667,-1.24171875,0.875987709,0.932301438,0.969619327,mc2_tgT-mcBv2,peri,2017-02-20_1312,1,1,10,256,0.1,9.6,0.05,120,8,28,0.1,0,0,-100,100,0,0,0.66,1.66,2,1,16,"Dynamic mask
Peripheral target"
-1.37625,-1.384166667,-1.413125,19,mcBv-9.6_tgT-1.66_tgEcc-28,-1.2471875,-1.242291667,-1.24171875,0.906221617,0.897501505,0.878704113,mc2_tgT-mcBv2,cent,2017-02-20_1333,1,2,10,256,0.1,9.6,0.05,112,16,28,0.1,0,0,-28,28,0,0,0.66,1.66,2,1,16,"Dynamic mask
Center target"
-1.08375,-1.0725,-1.035625,20,mcBv-0.01_tgT-0.33_tgEcc-100,-1.11675,-1.118666667,-1.1368125,1.030449827,1.043045843,1.097706699,mc2_tgT-mcBv2,peri,2017-02-21_1540,0,2,10,256,0.1,0.01,0.05,120,8,28,0.1,0,0,-100,100,0,0,0.66,0.33,2,1,0,"Static mask
Peripheral target"
-1.04875,-1.0325,-1.024375,20,mcBv-0.01_tgT-0.33_tgEcc-28,-1.11675,-1.118666667,-1.1368125,1.064839094,1.083454399,1.10976205,mc2_tgT-mcBv2,cent,2017-02-21_1508,0,1,10,256,0.1,0.01,0.05,112,16,28,0.1,0,0,-28,28,0,0,0.66,0.33,2,1,0,"Static mask
Center target"
-1.13375,-1.155833333,-1.154375,20,mcBv-0.01_tgT-0.66_tgEcc-100,-1.11675,-1.118666667,-1.1368125,0.985005513,0.967844268,0.98478614,mc2_tgT-mcBv2,peri,2017-02-21_1540,0,2,10,256,0.1,0.01,0.05,120,8,28,0.1,0,0,-100,100,0,0,0.66,0.66,2,1,0,"Static mask
Peripheral target"
-1.08375,-1.039166667,-1.054375,20,mcBv-0.01_tgT-0.66_tgEcc-28,-1.11675,-1.118666667,-1.1368125,1.030449827,1.076503609,1.078186129,mc2_tgT-mcBv2,cent,2017-02-21_1508,0,1,10,256,0.1,0.01,0.05,112,16,28,0.1,0,0,-28,28,0,0,0.66,0.66,2,1,0,"Static mask
Center target"
-1.095,-1.08,-1.1225,20,mcBv-0.01_tgT-1.0_tgEcc-100,-1.11675,-1.118666667,-1.1368125,1.019863014,1.035802469,1.012750557,mc2_tgT-mcBv2,peri,2017-02-21_1540,0,2,10,256,0.1,0.01,0.05,120,8,28,0.1,0,0,-100,100,0,0,0.66,1,2,1,0,"Static mask
Peripheral target"
-0.87125,-0.9475,-1.054375,20,mcBv-0.01_tgT-1.0_tgEcc-28,-1.11675,-1.118666667,-1.1368125,1.281779053,1.180650836,1.078186129,mc2_tgT-mcBv2,cent,2017-02-21_1508,0,1,10,256,0.1,0.01,0.05,112,16,28,0.1,0,0,-28,28,0,0,0.66,1,2,1,0,"Static mask
Center target"
-1.15,-1.133333333,-1.14375,20,mcBv-0.01_tgT-1.33_tgEcc-100,-1.11675,-1.118666667,-1.1368125,0.971086957,0.987058824,0.993934426,mc2_tgT-mcBv2,peri,2017-02-21_1540,0,2,10,256,0.1,0.01,0.05,120,8,28,0.1,0,0,-100,100,0,0,0.66,1.33,2,1,0,"Static mask
Peripheral target"
-1.0075,-1.038333333,-1.0475,20,mcBv-0.01_tgT-1.33_tgEcc-28,-1.11675,-1.118666667,-1.1368125,1.108436725,1.077367576,1.08526253,mc2_tgT-mcBv2,cent,2017-02-21_1508,0,1,10,256,0.1,0.01,0.05,112,16,28,0.1,0,0,-28,28,0,0,0.66,1.33,2,1,0,"Static mask
Center target"
-1.19125,-1.160833333,-1.201875,20,mcBv-0.01_tgT-1.66_tgEcc-100,-1.11675,-1.118666667,-1.1368125,0.937460651,0.96367552,0.945865835,mc2_tgT-mcBv2,peri,2017-02-21_1540,0,2,10,256,0.1,0.01,0.05,120,8,28,0.1,0,0,-100,100,0,0,0.66,1.66,2,1,0,"Static mask
Peripheral target"
-0.98375,-1.039166667,-1.079375,20,mcBv-0.01_tgT-1.66_tgEcc-28,-1.11675,-1.118666667,-1.1368125,1.13519695,1.076503609,1.053213665,mc2_tgT-mcBv2,cent,2017-02-21_1508,0,1,10,256,0.1,0.01,0.05,112,16,28,0.1,0,0,-28,28,0,0,0.66,1.66,2,1,0,"Static mask
Center target"
-1.3525,-1.318333333,-1.33875,20,mcBv-9.6_tgT-0.33_tgEcc-100,-1.11675,-1.118666667,-1.1368125,0.825693161,0.848546144,0.849159664,mc2_tgT-mcBv2,peri,2017-02-21_1540,0,2,10,256,0.1,9.6,0.05,120,8,28,0.1,0,0,-100,100,0,0,0.66,0.33,2,1,16,"Dynamic mask
Peripheral target"
-1.13375,-1.139166667,-1.204375,20,mcBv-9.6_tgT-0.33_tgEcc-28,-1.11675,-1.118666667,-1.1368125,0.985005513,0.982004389,0.943902439,mc2_tgT-mcBv2,cent,2017-02-21_1508,0,1,10,256,0.1,9.6,0.05,112,16,28,0.1,0,0,-28,28,0,0,0.66,0.33,2,1,16,"Dynamic mask
Center target"
-1.335,-1.373333333,-1.38,20,mcBv-9.6_tgT-0.66_tgEcc-100,-1.11675,-1.118666667,-1.1368125,0.836516854,0.814563107,0.823777174,mc2_tgT-mcBv2,peri,2017-02-21_1540,0,2,10,256,0.1,9.6,0.05,120,8,28,0.1,0,0,-100,100,0,0,0.66,0.66,2,1,16,"Dynamic mask
Peripheral target"
-1.05625,-1.070833333,-1.078125,20,mcBv-9.6_tgT-0.66_tgEcc-28,-1.11675,-1.118666667,-1.1368125,1.057278107,1.044669261,1.054434783,mc2_tgT-mcBv2,cent,2017-02-21_1508,0,1,10,256,0.1,9.6,0.05,112,16,28,0.1,0,0,-28,28,0,0,0.66,0.66,2,1,16,"Dynamic mask
Center target"
-1.39125,-1.310833333,-1.276875,20,mcBv-9.6_tgT-1.0_tgEcc-100,-1.11675,-1.118666667,-1.1368125,0.802695418,0.853401144,0.89030837,mc2_tgT-mcBv2,peri,2017-02-21_1540,0,2,10,256,0.1,9.6,0.05,120,8,28,0.1,0,0,-100,100,0,0,0.66,1,2,1,16,"Dynamic mask
Peripheral target"
-1.06625,-1.0775,-1.083125,20,mcBv-9.6_tgT-1.0_tgEcc-28,-1.11675,-1.118666667,-1.1368125,1.047362251,1.038205723,1.049567224,mc2_tgT-mcBv2,cent,2017-02-21_1508,0,1,10,256,0.1,9.6,0.05,112,16,28,0.1,0,0,-28,28,0,0,0.66,1,2,1,16,"Dynamic mask
Center target"
-1.37,-1.313333333,-1.31625,20,mcBv-9.6_tgT-1.33_tgEcc-100,-1.11675,-1.118666667,-1.1368125,0.815145985,0.85177665,0.863675214,mc2_tgT-mcBv2,peri,2017-02-21_1540,0,2,10,256,0.1,9.6,0.05,120,8,28,0.1,0,0,-100,100,0,0,0.66,1.33,2,1,16,"Dynamic mask
Peripheral target"
-0.81,-0.856666667,-0.91125,20,mcBv-9.6_tgT-1.33_tgEcc-28,-1.11675,-1.118666667,-1.1368125,1.378703704,1.305836576,1.247530864,mc2_tgT-mcBv2,cent,2017-02-21_1508,0,1,10,256,0.1,9.6,0.05,112,16,28,0.1,0,0,-28,28,0,0,0.66,1.33,2,1,16,"Dynamic mask
Center target"
-1.35125,-1.334166667,-1.313125,20,mcBv-9.6_tgT-1.66_tgEcc-100,-1.11675,-1.118666667,-1.1368125,0.826456984,0.838475953,0.865730604,mc2_tgT-mcBv2,peri,2017-02-21_1540,0,2,10,256,0.1,9.6,0.05,120,8,28,0.1,0,0,-100,100,0,0,0.66,1.66,2,1,16,"Dynamic mask
Peripheral target"
-0.82,-0.88,-0.91625,20,mcBv-9.6_tgT-1.66_tgEcc-28,-1.11675,-1.118666667,-1.1368125,1.361890244,1.271212121,1.240723056,mc2_tgT-mcBv2,cent,2017-02-21_1508,0,1,10,256,0.1,9.6,0.05,112,16,28,0.1,0,0,-28,28,0,0,0.66,1.66,2,1,16,"Dynamic mask
Center target"
